MSAT Matches (Sorted),MSAT Matches Populations
IMLS001,Oakbrook
IMLS002,Oakbrook
IMLS004,Worldsong
IMLS005,Wattsville
IMLS009,Irondale
IMLS010,Irondale
IMLS011,EBSCO Ridge
IMLS015,Blue Trail Kings Chair
IMLS016,Blue Trail Kings Chair
IMLS017,EBSCO parking lot
IMLS018,EBSCO parking lot
IMLS020,Peavine Falls
IMLS021,Worldsong
IMLS024,Worldsong
IMLS026,Worldsong
IMLS027,Worldsong
IMLS029,Worldsong
IMLS031,Worldsong
IMLS034,Wattsville
IMLS037,Wattsville
IMLS038,Wattsville
IMLS043,Wattsville
IMLS045,Wattsville
IMLS046,Wattsville
IMLS047,Wattsville
IMLS048,Wattsville
IMLS051,Moss Rock Preserve
IMLS052,Moss Rock Preserve
IMLS058,Moss Rock Preserve
IMLS062,Moss Rock Preserve
IMLS063,Moss Rock Preserve
IMLS065,Moss Rock Preserve
IMLS067,Moss Rock Preserve
IMLS068,Moss Rock Preserve
IMLS070,Irondale
IMLS132,Irondale
IMLS133,Irondale
IMLS135,Irondale
IMLS138,Irondale
IMLS139,EBSCO Ridge
IMLS141,EBSCO Ridge
IMLS144,EBSCO Ridge
IMLS150,EBSCO Ridge
IMLS151,EBSCO Ridge
IMLS154,EBSCO Ridge
IMLS164,EBSCO Ridge
IMLS170,EBSCO Ridge
IMLS173,EBSCO Ridge
IMLS177,EBSCO Ridge
IMLS178,EBSCO Ridge
IMLS186,Hinds Road
IMLS187,Hinds Road
IMLS189,Hinds Road
IMLS195,Hinds Road
IMLS197,Hinds Road
IMLS200,Hinds Road
IMLS201,Hinds Road
IMLS210,Hinds Road
IMLS216,Hinds Road
IMLS220,Hinds Road
IMLS222,Hinds Road
IMLS223,Hinds Road
IMLS224,Hinds Road
IMLS226,Hinds Road
IMLS232,Hinds Road
IMLS233,Hinds Road
IMLS234,Hinds Road
IMLS237,Hinds Road
IMLS238,Hinds Road
IMLS240,Hinds Road
IMLS244,Hinds Road
IMLS245,Blue Trail Kings Chair
IMLS248,Blue Trail Kings Chair
IMLS253,Blue Trail Kings Chair
IMLS258,EBSCO parking lot
IMLS260,EBSCO parking lot
IMLS261,Blue Trail Kings Chair
IMLS262,EBSCO parking lot
IMLS264,EBSCO parking lot
IMLS268,Blue Trail Kings Chair
IMLS276,Blue Trail Kings Chair
IMLS278,EBSCO parking lot
IMLS279,EBSCO parking lot
IMLS280,EBSCO parking lot
IMLS282,Peavine Falls
IMLS283,Peavine Falls
IMLS285,Peavine Falls
IMLS293,Peavine Falls
IMLS307,Peavine Falls
IMLS308,Missing (Pop 11)
IMLS309,Missing (Pop 11)
IMLS310,Missing (Pop 11)
IMLS311,Missing (Pop 11)
IMLS312,Missing (Pop 11)